{
	"Fotballtøy": {
		"Fotballdrakter": {
			"D01": {
				"Navn": "Man Utd H",
				"Størrelse": "Large",
				"Farge1": "Rød",
				"Farge2": "Svart",
				"Land": "England",
				"Pris": "899kr",
				"Merke": "Adidas",
				"Bilde": "bilder/unitedhd.jpg",
			  "Tekst":"Manchester United er en av verdens største fotballklubber og i år har de gjort noen spennende nye innkjøp. De siste årene har ikke gått helt som planlagt, men det vil nå endres. Manchester United vil tilbake til toppen! I vår Manchester United Shop finner du både Manchester United hjemmedrakt, bortedrakt og tredjedrakt i alle størrelser."
			},
			"D02": {
				"Navn": "Man Utd B",
				"Størrelse": "Large",
				"Farge1": "Rosa",
				"Farge2": "Svart",
				"Land": "England",
				"Pris": "799kr",
				"Merke": "Adidas",
				"Bilde": "bilder/unitedbd.jpg",
			  "Tekst":"Manchester United er en av verdens største fotballklubber og i år har de gjort noen spennende nye innkjøp. De siste årene har ikke gått helt som planlagt, men det vil nå endres. Manchester United vil tilbake til toppen! I vår Manchester United Shop finner du både Manchester United hjemmedrakt, bortedrakt og tredjedrakt i alle størrelser."

			},
			"D03": {
				"Navn": "Man Utd T",
				"Størrelse": "Large",
				"Farge1": "Mørkeblå",
				"Farge2": "Gull",
				"Land": "England",
				"Pris": "799kr",
				"Merke": "Adidas",
				"Bilde": "bilder/unitedtd.jpg",
			  "Tekst":"Manchester United er en av verdens største fotballklubber og i år har de gjort noen spennende nye innkjøp. De siste årene har ikke gått helt som planlagt, men det vil nå endres. Manchester United vil tilbake til toppen! I vår Manchester United Shop finner du både Manchester United hjemmedrakt, bortedrakt og tredjedrakt i alle størrelser."

			},
			"D04": {
				"Navn": "PSG T ",
				"Størrelse": "Large",
				"Farge1": "Svart",
				"Farge2": "Hvit",
				"Land": "Frankrike",
				"Pris": "799kr",
				"Merke": "Jordan",
				"Bilde": "bilder/psgtd.jpg",
			  "Tekst":"Paris Saint Germain, eller PSG som de kalles, er uten tvil en av Frankrikes største klubber. I vår Paris Saint-Germain Shop kan du finne både Paris Saint Germain hjemmedrakt, bortedrakt og tredjedrakt til både voksen og barn"
			},
			"D05": {
				"Navn": "PSG B",
				"Størrelse": "Large",
				"Farge1": "Hvit",
				"Farge2": "Gull",
				"Land": "Frankrike",
				"Pris": "699kr",
				"Merke": "Nike",
				"Bilde": "bilder/psgbd.jpg",
			  "Tekst":"Paris Saint Germain, eller PSG som de kalles, er uten tvil en av Frankrikes største klubber. I vår Paris Saint-Germain Shop kan du finne både Paris Saint Germain hjemmedrakt, bortedrakt og tredjedrakt til både voksen og barn"
			},
			"D06": {
				"Navn": "B'mouth H",
				"Størrelse": "Large",
				"Farge1": "Rød",
				"Farge2": "Svart",
				"Land": "England",
				"Pris": "699kr",
				"Merke": "Umbro",
				"Bilde": "bilder/bournemouthhd.jpg",
			  "Tekst":"Bournemouth eller The Cherrys. Den nydelige kystbyen i Dorset. Den fantastiske fotballklubben som kommer med nydelig angrepsfotball og er en fare for toppklubbene. I vår Bournemouth shop kan du finne den nydelige røde og svarte hjemmedrakten deres.  "
			},
			"D07": {
				"Navn": "Napoli H ",
				"Størrelse": "Large",
				"Farge1": "Blå",
				"Farge2": "Hvit",
				"Land": "Italia",
				"Pris": "799kr",
				"Merke": "Kappa",
				"Bilde": "bilder/napolihd.jpg",
			  "Tekst":"Det finnes ikke mange fotballklubber i Italia som SSC Napoli - og hvem husker ikke i gamle dager når en legendariske spiller tok på seg sin Napoli drakt og skapte magi ute på banen? Spilleren vi snakker om er selvfølgelig Diego Maradona, som bare er en av flere fantastiske spillere fra den lyseblå klubben. Napoli fotballdrakter er alltid populære blant hardbarka fotballsupportere og du finner naturligvis et stort utvalg her på futbalabutiko.no."
			},
			"D08": {
				"Navn": "Napoli B",
				"Størrelse": "Large",
				"Farge1": "Svart",
				"Farge2": "Blå",
				"Land": "Italia",
				"Pris": "699kr",
				"Merke": "Kappa",
				"Bilde": "bilder/napolibd.jpg",
			  "Tekst":"Det finnes ikke mange fotballklubber i Italia som SSC Napoli - og hvem husker ikke i gamle dager når en legendariske spiller tok på seg sin Napoli drakt og skapte magi ute på banen? Spilleren vi snakker om er selvfølgelig Diego Maradona, som bare er en av flere fantastiske spillere fra den lyseblå klubben. Napoli fotballdrakter er alltid populære blant hardbarka fotballsupportere og du finner naturligvis et stort utvalg her på futbalabutiko.no."
			},
			"D09": {
				"Navn": "Napoli T ",
				"Størrelse": "Large",
				"Farge1": "Grå",
				"Farge2": "Blå",
				"Land": "Italia",
				"Pris": "699kr",
				"Merke": "Kappa",
				"Bilde": "bilder/napolitd.jpg",
			  "Tekst":"Det finnes ikke mange fotballklubber i Italia som SSC Napoli - og hvem husker ikke i gamle dager når en legendariske spiller tok på seg sin Napoli drakt og skapte magi ute på banen? Spilleren vi snakker om er selvfølgelig Diego Maradona, som bare er en av flere fantastiske spillere fra den lyseblå klubben. Napoli fotballdrakter er alltid populære blant hardbarka fotballsupportere og du finner naturligvis et stort utvalg her på futbalabutiko.no."
			},
			"D10": {
				"Navn": "Juventus H",
				"Størrelse": "Large",
				"Farge1": "Hvit",
				"Farge2": "Svart",
				"Land": "Italia",
				"Pris": "849kr",
				"Merke": "Adidas",
				"Bilde": "bilder/juventushd.jpg",
			  "Tekst":"Juvenuts, Den gamle Dame, I Bianconeri, Le Zebre.. Mange navn på en italiensk stolthet. Juventus har dominert italiensk fotball i mange år og er suverene mestre. I vår Juventus Shop kan du kjøpe din Juventus hjemmedrakt, bortedrakt eller tredjedrakt og støtte laget i jakten på Champions League- og ligatittelen. Kjøp din Juventus fotballdrakt hos oss med lynrask levering."
			},
			"D11": {
				"Navn": "Juventus B",
				"Størrelse": "Large",
				"Farge1": "Beige",
				"Farge2": "Svart",
				"Land": "Italia",
				"Pris": "799kr",
				"Merke": "Adidas",
				"Bilde": "bilder/juventusbd.jpg",
			  "Tekst":"Juvenuts, Den gamle Dame, I Bianconeri, Le Zebre.. Mange navn på en italiensk stolthet. Juventus har dominert italiensk fotball i mange år og er suverene mestre. I vår Juventus Shop kan du kjøpe din Juventus hjemmedrakt, bortedrakt eller tredjedrakt og støtte laget i jakten på Champions League- og ligatittelen. Kjøp din Juventus fotballdrakt hos oss med lynrask levering."
			},
			"D12": {
				"Navn": "Juventus T",
				"Størrelse": "Large",
				"Farge1": "Svart",
				"Farge2": "Gul",
				"Land": "Italia",
				"Pris": "749kr",
				"Merke": "Adidas",
				"Bilde": "bilder/juventustd.jpeg",
			  "Tekst":"Juvenuts, Den gamle Dame, I Bianconeri, Le Zebre.. Mange navn på en italiensk stolthet. Juventus har dominert italiensk fotball i mange år og er suverene mestre. I vår Juventus Shop kan du kjøpe din Juventus hjemmedrakt, bortedrakt eller tredjedrakt og støtte laget i jakten på Champions League- og ligatittelen. Kjøp din Juventus fotballdrakt hos oss med lynrask levering."
			},
			"D13": {
				"Navn": "R Madrid H",
				"Størrelse": "Large",
				"Farge1": "Hvit",
				"Farge2": "Svart",
				"Land": "Spania",
				"Pris": "799kr",
				"Merke": "Adidas",
				"Bilde": "bilder/realhd.jpg",
			  "Tekst":"Los Merengues, Los Blancos, Los Galácticos... Real Madrid har mange kallenavn, men det er mest kjente for sin fantastiske fotball og mange stjernespillere. Futbala Butiko sin Real Madrid Shop har både Real Madrid hjemmedrakt, bortedrakt og tredjedrakt. . Velg drakten du ønsker og kjøp den i dag med rask levering!"
			},
			"D14": {
				"Navn": "R Madrid B",
				"Størrelse": "Large",
				"Farge1": "Svart",
				"Farge2": "Hvit",
				"Land": "Spania",
				"Pris": "649kr",
				"Merke": "Adidas",
				"Bilde": "bilder/realbd.jpg",
			  "Tekst":"Los Merengues, Los Blancos, Los Galácticos... Real Madrid har mange kallenavn, men det er mest kjente for sin fantastiske fotball og mange stjernespillere. Futbala Butiko sin Real Madrid Shop har både Real Madrid hjemmedrakt, bortedrakt og tredjedrakt. . Velg drakten du ønsker og kjøp den i dag med rask levering!"
			},
			"D15": {
				"Navn": "R Madrid T",
				"Størrelse": "Large",
				"Farge1": "Rød",
				"Farge2": "Hvit",
				"Land": "Spania",
				"Pris": "649kr",
				"Merke": "Adidas",
				"Bilde": "bilder/realtd.jpg",
			  "Tekst":"Los Merengues, Los Blancos, Los Galácticos... Real Madrid har mange kallenavn, men det er mest kjente for sin fantastiske fotball og mange stjernespillere. Futbala Butiko sin Real Madrid Shop har både Real Madrid hjemmedrakt, bortedrakt og tredjedrakt. . Velg drakten du ønsker og kjøp den i dag med rask levering!"
			},
			"D16": {
				"Navn": "Liverpool H",
				"Størrelse": "Large",
				"Farge1": "Rød",
				"Farge2": "Hvit",
				"Land": "England",
				"Pris": "699kr",
				"Merke": "New Balance",
				"Bilde": "bilder/liverpoolhd.jpg",
			  "Tekst":"Liverpool er en av verdens største og mest tradisjonsrike fotballklubber. Nå er de på vei tilbake til toppen av både England og Europa. Støtt The Reds og kjøp din Liverpool fotballdrakt her hos Unisport. I vår Liverpool Shop finner du både Liverpool hjemmedrakt, bortedrakt og tredjedrakt"
			},
			"D17": {
				"Navn": "Liverpool B",
				"Størrelse": "Large",
				"Farge1": "Lilla",
				"Farge2": "Oransje",
				"Land": "England",
				"Pris": "599kr",
				"Merke": "New Balance",
				"Bilde": "bilder/liverpoolbd.jpg",
			  "Tekst":"Liverpool er en av verdens største og mest tradisjonsrike fotballklubber. Nå er de på vei tilbake til toppen av både England og Europa. Støtt The Reds og kjøp din Liverpool fotballdrakt her hos Unisport. I vår Liverpool Shop finner du både Liverpool hjemmedrakt, bortedrakt og tredjedrakt"
			},
			"D18": {
				"Navn": "Liverpool T",
				"Størrelse": "Large",
				"Farge1": "Hvit",
				"Farge2": "Rød",
				"Land": "England",
				"Pris": "599kr",
				"Merke": "New Balance",
				"Bilde": "bilder/liverpooltd.jpg",
			  "Tekst":"Liverpool er en av verdens største og mest tradisjonsrike fotballklubber. Nå er de på vei tilbake til toppen av både England og Europa. Støtt The Reds og kjøp din Liverpool fotballdrakt her hos Unisport. I vår Liverpool Shop finner du både Liverpool hjemmedrakt, bortedrakt og tredjedrakt"
			},
      "D19": {
				"Navn": "Leicester B",
				"Størrelse": "Large",
				"Farge1": "Grå",
				"Farge2": "Gul",
				"Land": "England",
				"Pris": "649kr",
				"Merke": "Adidas",
				"Bilde": "bilder/leicesterbd.jpg",
			  "Tekst":"Leicester City. Den engelske fotballklubben som sjokkerte hele verden med å vinne premier league 2015/2016 sesongen. Vi har deres nydelige bortedrakt i vår Leicester shop. Løp og kjøp! "
			},
      "D20": {
				"Navn": "Watford H",
				"Størrelse": "Large",
				"Farge1": "Gul",
				"Farge2": "Svart",
				"Land": "England",
				"Pris": "649kr",
				"Merke": "Adidas",
				"Bilde": "bilder/watfordhd.jpg",
			  "Tekst":"Watford eller The Hornets. Den engelske fotballklubben som spiller i premier league overrasker hver sesong. og ligger ann til en imponerende 10. plass. Løp og kjøp!"
			},
      "D21": {
        "Navn": "PSG H ",
        "Størrelse": "Large",
        "Farge1": "Blå",
        "Farge2": "Rød",
        "Land": "Frankrike",
        "Pris": "699kr",
        "Merke": "Nike",
        "Bilde": "bilder/psghd.jpg",
			  "Tekst":"Paris Saint Germain, eller PSG som de kalles, er uten tvil en av Frankrikes største klubber. I vår Paris Saint-Germain Shop kan du finne både Paris Saint Germain hjemmedrakt, bortedrakt og tredjedrakt til både voksen og barn"
      }
		},

		"Fotballsko": {
			"S01": {
				"Navn": "Nike M-V",
				"Størrelse": "43",
				"Farge1": "Rød",
				"Farge2": "Hvit",
				"Merke": "Nike",
				"Pris": "1199kr",
				"Underlag": "Gress",
				"Bilde": "bilder/nikemercurialvapor.jpg",
			  "Tekst":"Nike Mercurial er den perfekte speedskoen til deg som ønsker lettvekt og godt touch, men allikevel har krav til komfort. Toppmodellene, Mercurial Superfly og Vapor, har en overdel utstyrt med Speed Rib kabler som forbedrer touchet under høy fart. Knottene på Mercurial er spesialtilpasset så de gir et utrolig grep i underlaget og dermed lar deg akselerere raskere enn tidligere. Sålen er for første gang anatomisk formet for å gi deg perfekt komfort og passform. Mercurial kan finnes i alle prisklasser."
			},
			"S02": {
				"Navn": "Nike M-S",
				"Størrelse": "43",
				"Farge1": "Oransje",
				"Farge2": "Svart",
				"Merke": "Nike",
				"Pris": "1299kr",
				"Underlag": "Gress",
				"Bilde": "bilder/Nikemercurialsuperfly.jpg",
			  "Tekst":"Nike Mercurial er den perfekte speedskoen til deg som ønsker lettvekt og godt touch, men allikevel har krav til komfort. Toppmodellene, Mercurial Superfly og Vapor, har en overdel utstyrt med Speed Rib kabler som forbedrer touchet under høy fart. Knottene på Mercurial er spesialtilpasset så de gir et utrolig grep i underlaget og dermed lar deg akselerere raskere enn tidligere. Sålen er for første gang anatomisk formet for å gi deg perfekt komfort og passform. Mercurial kan finnes i alle prisklasser."
			},
			"S03": {
				"Navn": "Nike Pro",
				"Størrelse": "43",
				"Farge1": "Hvit",
				"Farge2": "Oransje",
				"Merke": "Nike",
				"Pris": "1399kr",
				"Underlag": "Gress",
				"Bilde": "bilder/nikesuperfly6profg.jpg",
			  "Tekst":"Nike introduserer Game Over Pack, som med sitt skarpe og listige utseende beskriver hvordan du blir den avgjørende spilleren for laget ditt, en skikkelig Game Killer. Game Over følger tre stadier, hvor det første stadiet er the look, som en ekte Game Killer har. Det er her man velger sitt bytte, og forbereder trinn nummer to, som er the kill. Det er nå angrepet settes igang, lyset slukkes hos din motstander og kampen avgjøres i beste Game Killer-stil."
			},
      "S04": {
				"Navn": "Adidas P",
				"Størrelse": "40",
				"Farge1": "Rød",
				"Farge2": "Svart",
				"Merke": "Adidas",
				"Pris": "1099kr",
				"Underlag": "Kunstgress",
				"Bilde": "bilder/adidaspredator.jpg",
			  "Tekst":"Adidas Predator er en ikonisk klassiker med et moderne touch, som av mange blir ansett som den beste adidas fotballskoen noensinne. Det har vært flere Predator-modeller og fargemodeller gjennom tidene, hvor den rød/sorte versjonen med røde tunge er den mest berømte. Uansett hvilken versjon og fargemodell de har blitt lansert i, så har de vært utrolig populære og adidas Predator har blant annet blitt brukt av spillere som David Beckham og Zinedine Zidane. Bestill dine adidas Predator fra Futbala Butiko."
			},
      "S05": {
        "Navn": "Adidas 19",
        "Størrelse": "41",
        "Farge1": "Blå",
        "Farge2": "Hvit",
        "Merke": "Adidas",
        "Pris": "1099kr",
        "Underlag": "Kunstgress",
        "Bilde": "bilder/adidaspredatorb.jpg",
			  "Tekst":"Adidas Predator er en ikonisk klassiker med et moderne touch, som av mange blir ansett som den beste adidas fotballskoen noensinne. Det har vært flere Predator-modeller og fargemodeller gjennom tidene, hvor den rød/sorte versjonen med røde tunge er den mest berømte. Uansett hvilken versjon og fargemodell de har blitt lansert i, så har de vært utrolig populære og adidas Predator har blant annet blitt brukt av spillere som David Beckham og Zinedine Zidane. Bestill dine adidas Predator fra Futbala Butiko."
      },
      "S06": {
        "Navn": "Adidas 18",
        "Størrelse": "44",
        "Farge1": "Svart",
        "Farge2": "Gull",
        "Merke": "Adidas",
        "Pris": "3499kr",
        "Underlag": "Kunstgress",
        "Bilde": "bilder/adidaspredator18.jpg",
			  "Tekst":"Adidas Predator er en ikonisk klassiker med et moderne touch, som av mange blir ansett som den beste adidas fotballskoen noensinne. Det har vært flere Predator-modeller og fargemodeller gjennom tidene, hvor den rød/sorte versjonen med røde tunge er den mest berømte. Uansett hvilken versjon og fargemodell de har blitt lansert i, så har de vært utrolig populære og adidas Predator har blant annet blitt brukt av spillere som David Beckham og Zinedine Zidane. Bestill dine adidas Predator fra Futbala Butiko."
      },
      "S07": {
        "Navn": "Adidas Ace",
        "Størrelse": "44",
        "Farge1": "Oransje",
        "Farge2": "Blå",
        "Merke": "Adidas",
        "Pris": "1999kr",
        "Underlag": "Gress og kunstgress",
        "Bilde": "bilder/adidasace.jpg",
			  "Tekst":"Ace er en toppmodell fra adidas' ACE-linje. Overdel i et lett, mykt og slitesterkt syntetisk materiale. FG/AG-knotter for spill på gress og kunstgress."
      },
      "S08": {
        "Navn": "Nike S-Elite",
        "Størrelse": "42",
        "Farge1": "Grå",
        "Farge2": "Gul",
        "Merke": "Nike",
        "Pris": "3999kr",
        "Underlag": "Gress",
        "Bilde": "bilder/nikesuperflyelite.jpg",
			  "Tekst":"Mercurial Superfly Elite er en undermodell til barn fra Nikes Superfly-linje. Overdel i et tynt og slitesterkt syntetisk materiale. FG-knotter for spill på naturgressbaner."
      },
      "S09": {
        "Navn": "Nike P",
        "Størrelse": "45",
        "Farge1": "Hvit",
        "Farge2": "Svart",
        "Merke": "Nike",
        "Pris": "1999kr",
        "Underlag": "Kunstgress",
        "Bilde": "bilder/nikephantom.jpg",
			  "Tekst":"Nike Phantom er den perfekte skoen for spilleren som ønsker å opptre som et fantom ute på banen. En silhuett som er overalt og som dukker opp ubemerket, så det er umulig å holde følge med dine berøringer før du passer eller skyter ballen med presisjon. Nike Phantom-skoen er for spilleren som vil ha ballen når som helst og hvor som helst på banen. Denne skoen byr på en utrolig komfort og fantastisk kontroll, så du er klar til å avgjøre kampen."
      },
      "S10": {
        "Navn": "Adidas W-C",
        "Størrelse": "44",
        "Farge1": "Svart",
        "Farge2": "Hvit",
        "Merke": "Adidas",
        "Pris": "2999kr",
        "Underlag": "Gress",
        "Bilde": "bilder/adidaswc.jpg",
			  "Tekst":"Adidas World Cup klassisk fotballsko har gjennom mer enn 20 år vært favoritten hos mange profesjonelle spillere - og er det fortsatt den dag i dag. Med skruknotter til våte gressbaner."
      },
      "S11": {
        "Navn": "Nike CR7",
        "Størrelse": "40",
        "Farge1": "Rød",
        "Farge2": "Svart",
        "Merke": "Nike",
        "Pris": "2999kr",
        "Underlag": "Gress",
        "Bilde": "bilder/nikecr7.jpg",
			  "Tekst":"Skoene brukes av Cristiano Ronaldo. Hel Flyknit-overdel som gjør støvlen ekstremt fleksibel samt en mikroteksturering for bedre kontroll på ballen ved høy fart. Overdel behandlet med NikeSkin, hvilket betyr at det tynne laget med PU-film bindes sammen med et performance mesh, og dermed skapes et lett, pustende og tett fit."
      },
			"S12": {
				"Navn": "Nike M-12",
				"Størrelse": "43",
				"Farge1": "Svart",
				"Farge2": "Grønn",
				"Merke": "Nike",
				"Pris": "1199kr",
				"Underlag": "Gress",
				"Bilde": "bilder/nikemercurial12.jpg",
			  "Tekst":"Nike Mercurial er den perfekte speedskoen til deg som ønsker lettvekt og godt touch, men allikevel har krav til komfort. Toppmodellene, Mercurial Superfly og Vapor, har en overdel utstyrt med Speed Rib kabler som forbedrer touchet under høy fart. Knottene på Mercurial er spesialtilpasset så de gir et utrolig grep i underlaget og dermed lar deg akselerere raskere enn tidligere. Sålen er for første gang anatomisk formet for å gi deg perfekt komfort og passform. Mercurial kan finnes i alle prisklasser."
			},
			"S13": {
				"Navn": "Adidas N",
				"Størrelse": "43",
				"Farge1": "Hvit",
				"Farge2": "Svart",
				"Merke": "Adidas",
				"Pris": "1499kr",
				"Underlag": "Kunstgress",
				"Bilde": "bilder/adidasnemezis.jpg",
			  "Tekst":"Adidas Nemezis er en av de tyske gigantenes mest innovative fotballsko noensinne. Nemeziz ble først introdusert før 2017/18-sesongen og er laget med en helt nye 360 Agility Bandage-teknologi som gir deg perfekt lockdown. Denne teknologien er inspirert av medisintape, noe som gjør at skoene sitter tettere på foten, samtidig som du får både støtte og stabilitet. Nemeziz har også Non Stop-teknologien som gir perfekt ballkontroll under alle værforhold. Finn de nye Nemeziz her på Futbala Butiko"
			},
			"S14": {
				"Navn": "Nike Ney",
				"Størrelse": "42",
				"Farge1": "Blå",
				"Farge2": "Grønn",
				"Merke": "Nike",
				"Pris": "1599kr",
				"Underlag": "Kunstress",
				"Bilde": "bilder/nikeneymar.jpg",
			  "Tekst":"Mercurial Neymar er toppmodellen fra Nikes speedsilo Mercurial. Overdel i Nikes Flyknit 360-konstruksjon som gir en tett og fleksibel passform. AG-Pro-knotter for spill på kunstgressbaner."
			},
			"S15": {
				"Navn": "Nike M-10",
				"Størrelse": "43",
				"Farge1": "Oransje",
				"Farge2": "Svart",
				"Merke": "Nike",
				"Pris": "1799kr",
				"Underlag": "Gress",
				"Bilde": "bilder/nikemercurial10.jpg",
			  "Tekst":"Nike Mercurial er den perfekte speedskoen til deg som ønsker lettvekt og godt touch, men allikevel har krav til komfort. Toppmodellene, Mercurial Superfly og Vapor, har en overdel utstyrt med Speed Rib kabler som forbedrer touchet under høy fart. Knottene på Mercurial er spesialtilpasset så de gir et utrolig grep i underlaget og dermed lar deg akselerere raskere enn tidligere. Sålen er for første gang anatomisk formet for å gi deg perfekt komfort og passform. Mercurial kan finnes i alle prisklasser."
			}
		},
		"Tilbud": {
			"T01": {
				"Fotballtøy":"Fotballsko",
				"Navn": "Nike M-V",
				"Størrelse": "43",
				"Farge1": "Rød",
				"Farge2": "Hvit",
				"Merke": "Nike",
				"Pris": "1199kr",
				"PrisFør":"1399kr",
				"Underlag": "Gress",
				"Bilde": "bilder/nikemercurialvapor.jpg",
			  "Tekst":"Nike Mercurial er den perfekte speedskoen til deg som ønsker lettvekt og godt touch, men allikevel har krav til komfort. Toppmodellene, Mercurial Superfly og Vapor, har en overdel utstyrt med Speed Rib kabler som forbedrer touchet under høy fart. Knottene på Mercurial er spesialtilpasset så de gir et utrolig grep i underlaget og dermed lar deg akselerere raskere enn tidligere. Sålen er for første gang anatomisk formet for å gi deg perfekt komfort og passform. Nike Mercurial Vapor kan kjøpes i dag på tilbud!."
	  	},
			"T02": {
				"Fotballtøy":"Fotballdrakt",
				"Navn": "Barca H",
				"Størrelse": "L",
				"Farge1": "Blå",
				"Farge2": "Rød",
				"Land":"Spania",
				"Merke":"Nike",
				"Pris": "599kr",
				"PrisFør":"799kr",
				"Bilde": "bilder/barcelonahd.jpeg",
			  "Tekst":"FC Barcelona er en av verdens desidert største klubber. Med noen av de største fotballstjernene på laget kjemper de alltid om titler og troféer. Vår store Barcelona Shop har et stort utvalg av Barcelona hjemmedrakt, bortedrakt og tredjedrakt, pluss massevis av utstyr. Kjøp din Barcelona fotballdrakt her hos Futbala Butiko på tilbud! "
  	  },
			"T03": {
				"Fotballtøy":"Fotballsko",
				"Navn": "Nike M-12",
				"Størrelse": "43",
				"Farge1": "Svart",
				"Farge2": "Grønn",
				"Merke": "Nike",
				"Pris": "1199kr",
				"PrisFør":"1499kr",
				"Underlag": "Gress",
				"Bilde": "bilder/nikemercurial12.jpg",
			  "Tekst":"Nike Mercurial er den perfekte speedskoen til deg som ønsker lettvekt og godt touch, men allikevel har krav til komfort. Toppmodellene, Mercurial Superfly og Vapor, har en overdel utstyrt med Speed Rib kabler som forbedrer touchet under høy fart. Knottene på Mercurial er spesialtilpasset så de gir et utrolig grep i underlaget og dermed lar deg akselerere raskere enn tidligere. Sålen er for første gang anatomisk formet for å gi deg perfekt komfort og passform. Nike mercurial kan kjøpes i dag på tilbud!."
			},
			"T04": {
				"Fotballtøy":"Fotballdrakt",
				"Navn": "Barca B",
				"Størrelse": "L",
				"Farge1": "Gul",
				"Farge2": "Svart",
				"Land":"Spania",
				"Merke": "Nike",
				"Pris": "499kr",
				"PrisFør":"599kr",
				"Bilde": "bilder/barcelonabd.jpeg",
			  "Tekst":"FC Barcelona er en av verdens desidert største klubber. Med noen av de største fotballstjernene på laget kjemper de alltid om titler og troféer. Vår store Barcelona Shop har et stort utvalg av Barcelona hjemmedrakt, bortedrakt og tredjedrakt, pluss massevis av utstyr. Kjøp din Barcelona fotballdrakt her hos Futbala Butiko på tilbud! "
			},
			"T05": {
				"Fotballtøy": "Fotballsko",
				"Navn": "Adidas W-C",
        "Størrelse": "44",
        "Farge1": "Svart",
        "Farge2": "Hvit",
        "Merke": "Adidas",
				"Pris": "2999kr",
				"PrisFør":"3199kr",
        "Underlag": "Gress",
        "Bilde": "bilder/adidaswc.jpg",
			  "Tekst":"Adidas World Cup klassisk fotballsko har gjennom mer enn 20 år vært favoritten hos mange profesjonelle spillere - og er det fortsatt den dag i dag. Med skruknotter til våte gressbaner. Adidas World Cup er nemlig på tilbud, så løp og kjøp!"
			},
			"T06": {
				"Fotballtøy":"Fotballdrakt",
				"Navn": "Barca T",
				"Størrelse": "L",
				"Farge1": "Rosa",
				"Farge2": "Rød",
				"Land":"Spania",
				"Merke": "Nike",
				"Pris": "499kr",
				"PrisFør":"599kr",
				"Bilde": "bilder/barcelonatd.jpg",
			  "Tekst":"FC Barcelona er en av verdens desidert største klubber. Med noen av de største fotballstjernene på laget kjemper de alltid om titler og troféer. Vår store Barcelona Shop har et stort utvalg av Barcelona hjemmedrakt, bortedrakt og tredjedrakt, pluss massevis av utstyr. Kjøp din Barcelona fotballdrakt her hos Futbala Butiko på tilbud! "
			},
			"T07": {
				"Fotballtøy":"Fotballsko",
				"Navn": "Adidas Ace",
				"Størrelse": "44",
				"Farge1": "Oransje",
				"Farge2": "Blå",
				"Merke": "Adidas",
				"Pris": "1999kr",
				"PrisFør":"2199kr",
				"Underlag": "Gress",
				"Bilde": "bilder/adidasace.jpg",
			  "Tekst":"Ace er en toppmodell fra adidas' ACE-linje. Overdel i et lett, mykt og slitesterkt syntetisk materiale. FG/AG-knotter for spill på gress og kunstgress. Adidas Ace er nemlig på tilbud, så løp og kjøp!"
			},
			"T08": {
				"Fotballtøy":"Fotballdrakt",
				"Navn": "Roma H",
				"Størrelse": "L",
				"Farge1": "Rød",
				"Farge2": "Oransje",
				"Land":"Italia",
				"Merke": "Nike",
				"Pris": "599kr",
				"PrisFør":"699kr",
				"Bilde": "bilder/romahd.jpg",
			  "Tekst":"AS Roma er en tradisjonsrik og klassisk klubb fra den italienske hovedstaten. Med legenden Totti og de andre stjernene kriger de nå om ligatittelen etter Juventus sin lange dominans. Her i vår AS Roma Shop finner du alt du trenger for å støtte klubben. Vi har AS Roma hjemmedrakt til en billig penge, for den er nemlig på tilbud. Så løp og kjøp!"
			},
			"T09": {
				"Fotballtøy":"Fotballsko",
				"Navn": "Adidas 18",
				"Størrelse": "44",
				"Farge1": "Svart",
				"Farge2": "Gull",
				"Merke": "Adidas",
				"Pris": "3499kr",
				"PrisFør":"3999kr",
				"Underlag": "Kunstgress",
				"Bilde": "bilder/adidaspredator18.jpg",
			  "Tekst":"Adidas Predator er en ikonisk klassiker med et moderne touch, som av mange blir ansett som den beste adidas fotballskoen noensinne. Det har vært flere Predator-modeller og fargemodeller gjennom tidene, hvor den rød/sorte versjonen med røde tunge er den mest berømte. Uansett hvilken versjon og fargemodell de har blitt lansert i, så har de vært utrolig populære og adidas Predator har blant annet blitt brukt av spillere som David Beckham og Zinedine Zidane. Bestill dine adidas Predator fra Futbala Butiko på tilbud!."
			},
			"T10": {
				"Fotballtøy":"Fotballdrakt",
				"Navn": "Man City H",
				"Størrelse": "L",
				"Farge1": "Blå",
				"Farge2": "Svart",
				"Land":"England",
				"Merke": "Nike",
				"Pris": "499kr",
				"PrisFør":"599kr",
				"Bilde": "bilder/cityhd.jpg",
			  "Tekst":"Manchester City har noe virkelig spennende på gang. Med Pep Guardiola som sjef og mange nye signeringer er Manchester City på jakt etter nok et Premier League-trofé. I vår Manchester City Shop finner du alt du trenger. Vi har både Manchester City hjemmedrakt, bortedrakt og tredjedrakt. Alle Manchester City draktene er nemlig på tilbud. Løp og Kjøp!"
			},
			"T11": {
				"Fotballtøy":"Fotballsko",
				"Navn": "Nike M-S",
				"Størrelse": "43",
				"Farge1": "Oransje",
				"Farge2": "Svart",
				"Merke":"Nike",
				"Pris": "1299kr",
				"PrisFør":"1499kr",
				"Underlag": "Gress",
				"Bilde": "bilder/Nikemercurialsuperfly.jpg",
			  "Tekst":"Nike Mercurial er den perfekte speedskoen til deg som ønsker lettvekt og godt touch, men allikevel har krav til komfort. Toppmodellene, Mercurial Superfly og Vapor, har en overdel utstyrt med Speed Rib kabler som forbedrer touchet under høy fart. Knottene på Mercurial er spesialtilpasset så de gir et utrolig grep i underlaget og dermed lar deg akselerere raskere enn tidligere. Sålen er for første gang anatomisk formet for å gi deg perfekt komfort og passform. Nike Mercurial Superfly er på tilbud, så løp og kjøp! ."
			},
			"T12": {
				"Fotballtøy":"Fotballdrakt",
				"Navn": "Man City B",
				"Størrelse": "L",
				"Farge1": "Svart",
				"Farge2": "Blå",
				"Land":"England",
				"Merke": "Nike",
				"Pris": "449kr",
				"PrisFør":"599kr",
				"Bilde": "bilder/citybd.jpg",
			  "Tekst":"Manchester City har noe virkelig spennende på gang. Med Pep Guardiola som sjef og mange nye signeringer er Manchester City på jakt etter nok et Premier League-trofé. I vår Manchester City Shop finner du alt du trenger. Vi har både Manchester City hjemmedrakt, bortedrakt og tredjedrakt. Alle Manchester City draktene er nemlig på tilbud. Løp og Kjøp!"
			},
			"T13": {
				"Fotballtøy":"Fotballsko",
				"Navn": "Nike Pro",
				"Størrelse": "43",
				"Farge1": "Hvit",
				"Farge2": "Oransje",
				"Merke": "Nike",
				"Pris": "1399kr",
				"PrisFør":"1599kr",
				"Underlag": "Gress",
				"Bilde": "bilder/nikesuperfly6profg.jpg",
				"Tekst":"Nike introduserer Game Over Pack, som med sitt skarpe og listige utseende beskriver hvordan du blir den avgjørende spilleren for laget ditt, en skikkelig Game Killer. Game Over følger tre stadier, hvor det første stadiet er the look, som en ekte Game Killer har. Det er her man velger sitt bytte, og forbereder trinn nummer to, som er the kill. Det er nå angrepet settes igang, lyset slukkes hos din motstander og kampen avgjøres i beste Game Killer-stil. Beste av alt, de er på tilbud, så løp og kjøp!"

			},
			"T14": {
				"Fotballtøy": "Fotballdrakt",
				"Navn": "Man City T",
				"Størrelse": "L",
				"Farge1": "Lilla",
				"Farge2": "Oransje",
				"Merke": "Nike",
				"Pris": "449kr",
				"PrisFør":"599kr",
				"Bilde": "bilder/citytd.jpg",
			  "Tekst":"Manchester City har noe virkelig spennende på gang. Med Pep Guardiola som sjef og mange nye signeringer er Manchester City på jakt etter nok et Premier League-trofé. I vår Manchester City Shop finner du alt du trenger. Vi har både Manchester City hjemmedrakt, bortedrakt og tredjedrakt. Alle Manchester City draktene er nemlig på tilbud. Løp og Kjøp!"
			},
			"T15": {
				"Fotballtøy":"Fotballsko",
				"Navn": "Adidas 17",
				"Størrelse": "45",
				"Farge1": "Gul",
				"Farge2": "Svart",
				"Merke": "Adidas",
				"Pris": "1499kr",
				"PrisFør":"1999kr",
				"Underlag": "Gress",
				"Bilde": "bilder/adidaspredator17.jpg",
			  "Tekst":"Adidas Predator er en ikonisk klassiker med et moderne touch, som av mange blir ansett som den beste adidas fotballskoen noensinne. Det har vært flere Predator-modeller og fargemodeller gjennom tidene, hvor den rød/sorte versjonen med røde tunge er den mest berømte. Uansett hvilken versjon og fargemodell de har blitt lansert i, så har de vært utrolig populære og adidas Predator har blant annet blitt brukt av spillere som David Beckham og Zinedine Zidane. Bestill dine adidas Predator fra Futbala Butiko på tilbud!."
			},
			"T16": {
				"Fotballtøy":"Fotballdrakt",
				"Navn": "Spurs H ",
				"Størrelse": "L",
				"Farge1": "Hvit",
				"Farge2": "Blå",
				"Land":"England",
				"Merke": "Nike",
				"Pris": "599kr",
				"PrisFør":"699kr",
				"Bilde": "bilder/tottenhamhd.jpg",
			  "Tekst":"Tottenham Hotspur spiller hjemmekampene sine på den nye Tottenham Hotspur Stadium. Tottenham er i ferd med å etablere seg helt i toppen av engelsk fotball, og i vår Tottenham Shop finner du alt en ekte Spurs-fan ønsker seg. Vi har både Tottenham hjemmedrakt og bortedrakt på tilbud, så løp og kjøp! "
			},
			"T17": {
				"Fotballtøy":"Fotballsko",
				"Navn": "Nike L",
				"Størrelse": "45",
				"Farge1": "Rød",
				"Farge2": "Svart",
				"Merke": "Nike",
				"Pris": "1999kr",
				"PrisFør":"2199kr",
				"Underlag": "Kunstgress",
				"Bilde": "bilder/niketiempo.jpg",
			  "Tekst":"Nike Tiempo tilbyr komfort og passform få fotballsko kan tilby. Overdel av mykt og smidig kenguruskinn kombinert med midtfot av det komfortable KangaLite-materialet. Fotballskoene har et indre skjelett som gir støtte og stabilitet, samt tillater overdelen å nesten være fri for sømmer. Dette øker levetiden og kvaliteten på skinnet og gir deg støtten du trenger i taklinger og vendinger. Pløsen er også integrert i overdelen for en smidigere og tettere passform. Best av alt, de er på tilbud! Løp og kjøp."
			},
			"T18": {
				"Fotballtøy":"Fotballdrakt",
				"Navn": "Spurs B ",
				"Størrelse": "L",
				"Farge1": "Mørkeblå",
				"Farge2": "Blå",
				"Land":"England",
				"Merke": "Nike",
				"Pris": "549kr",
				"PrisFør":"649kr",
				"Bilde": "bilder/tottenhambd.jpg",
				"Tekst":"Tottenham Hotspur spiller hjemmekampene sine på den nye Tottenham Hotspur Stadium. Tottenham er i ferd med å etablere seg helt i toppen av engelsk fotball, og i vår Tottenham Shop finner du alt en ekte Spurs-fan ønsker seg. Vi har både Tottenham hjemmedrakt og bortedrakt på tilbud, så løp og kjøp! "
			}
    }
	}
}
