{
	"Fotballtøy": {
		"Fotballdrakter": {
			"D01": {
				"Navn": "Manchester United H",
				"Størrelse": "Large",
				"Farge1": "Rød",
				"Farge2": "Svart",
				"Land": "England",
				"Pris": 899,
				"Merke": "Adidas",
				"Bilde": "bilder/unitedhd.jpg"
			},
			"D02": {
				"Navn": "Manchester United B",
				"Størrelse": "Large",
				"Farge1": "Rosa",
				"Farge2": "Svart",
				"Land": "England",
				"Pris": 799,
				"Merke": "Adidas",
				"Bilde": "bilder/unitedbd.jpg"
			},
			"D03": {
				"Navn": "Manchester United T",
				"Størrelse": "Large",
				"Farge1": "Mørkeblå",
				"Farge2": "Gull",
				"Land": "England",
				"Pris": 799,
				"Merke": "Adidas",
				"Bilde": "bilder/unitedtd.jpg"
			},
			"D04": {
				"Navn": "Paris Saint-Germain T ",
				"Størrelse": "Large",
				"Farge1": "Svart",
				"Farge2": "Hvit",
				"Land": "Frankrike",
				"Pris": 799,
				"Merke": "Jordan",
				"Bilde": "bilder/psgtd.jpg"
			},
			"D05": {
				"Navn": "Paris Saint-Germain B",
				"Størrelse": "Large",
				"Farge1": "Hvit",
				"Farge2": "Gull",
				"Land": "Frankrike",
				"Pris": 699,
				"Merke": "Nike",
				"Bilde": "bilder/psgbd.jpg"
			},
			"D06": {
				"Navn": "Leicester H",
				"Størrelse": "Large",
				"Farge1": "Blå",
				"Farge2": "Hvit",
				"Land": "England",
				"Pris": 699,
				"Merke": "Adidas",
				"Bilde": "bilder/leicesterhd.jpg"
			},
			"D07": {
				"Navn": "Napoli H ",
				"Størrelse": "Large",
				"Farge1": "Blå",
				"Farge2": "Hvit",
				"Land": "Italia",
				"Pris": 799,
				"Merke": "Kappa",
				"Bilde": "bilder/napolihd.jpg"
			},
			"D08": {
				"Navn": "Napoli B",
				"Størrelse": "Large",
				"Farge1": "Svart",
				"Farge2": "Blå",
				"Land": "Italia",
				"Pris": 699,
				"Merke": "Kappa",
				"Bilde": "bilder/napolibd.jpg"
			},
			"D09": {
				"Navn": "Napoli T ",
				"Størrelse": "Large",
				"Farge1": "Grå",
				"Farge2": "Blå",
				"Land": "Italia",
				"Pris": 699,
				"Merke": "Kappa",
				"Bilde": "bilder/napolitd.jpg"
			},
			"D10": {
				"Navn": "Juventus H",
				"Størrelse": "Large",
				"Farge1": "Hvit",
				"Farge2": "Svart",
				"Land": "Italia",
				"Pris": 849,
				"Merke": "Adidas",
				"Bilde": "bilder/juventushd.jpg"
			},
			"D11": {
				"Navn": "Juventus B",
				"Størrelse": "Large",
				"Farge1": "Beige",
				"Farge2": "Svart",
				"Land": "Italia",
				"Pris": 799,
				"Merke": "Adidas",
				"Bilde": "bilder/juventusbd.jpg"
			},
			"D12": {
				"Navn": "Juventus T",
				"Størrelse": "Large",
				"Farge1": "Svart",
				"Farge2": "Gul",
				"Land": "Italia",
				"Pris": 749,
				"Merke": "Adidas",
				"Bilde": "bilder/juventustd.jpeg"
			},
			"D13": {
				"Navn": "Real Madrid H",
				"Størrelse": "Large",
				"Farge1": "Hvit",
				"Farge2": "Svart",
				"Land": "Spania",
				"Pris": 799,
				"Merke": "Adidas",
				"Bilde": "bilder/realhd.jpg"
			},
			"D14": {
				"Navn": "Real Madrid B",
				"Størrelse": "Large",
				"Farge1": "Svart",
				"Farge2": "Hvit",
				"Land": "Spania",
				"Pris": 649,
				"Merke": "Adidas",
				"Bilde": "bilder/realbd.jpg"
			},
			"D15": {
				"Navn": "Real Madrid T",
				"Størrelse": "Large",
				"Farge1": "Rød",
				"Farge2": "Hvit",
				"Land": "Spania",
				"Pris": 649,
				"Merke": "Adidas",
				"Bilde": "bilder/realtd.jpg"
			},
			"D16": {
				"Navn": "Liverpool H",
				"Størrelse": "Large",
				"Farge1": "Rød",
				"Farge2": "Hvit",
				"Land": "England",
				"Pris": 699,
				"Merke": "New Balance",
				"Bilde": "bilder/liverpoolhd.jpg"
			},
			"D17": {
				"Navn": "Liverpool B",
				"Størrelse": "Large",
				"Farge1": "Lilla",
				"Farge2": "Oransje",
				"Land": "England",
				"Pris": 599,
				"Merke": "New Balance",
				"Bilde": "bilder/liverpoolbd.jpg"
			},
			"D18": {
				"Navn": "Liverpool T",
				"Størrelse": "Large",
				"Farge1": "Hvit",
				"Farge2": "Rød",
				"Land": "England",
				"Pris": 599,
				"Merke": "New Balance",
				"Bilde": "bilder/liverpooltd.jpg"
			},
      "D19": {
				"Navn": "Leicester B",
				"Størrelse": "Large",
				"Farge1": "Grå",
				"Farge2": "Oransje",
				"Land": "England",
				"Pris": 649,
				"Merke": "Adidas",
				"Bilde": "bilder/leicesterbd.jpg"
			},
      "D20": {
				"Navn": "Leicester T",
				"Størrelse": "Large",
				"Farge1": "Hvit",
				"Farge2": "Blå",
				"Land": "England",
				"Pris": 649,
				"Merke": "Adidas",
				"Bilde": "bilder/leicestertd.jpg"
			},
      "D21": {
        "Navn": "Paris Saint-Germain H ",
        "Størrelse": "Large",
        "Farge1": "Blå",
        "Farge2": "Rød",
        "Land": "Frankrike",
        "Pris": 699,
        "Merke": "Nike",
        "Bilde": "bilder/psghd.jpg"
      }
		},

		"Fotballsko": {
			"S01": {
				"Navn": "Nike Mercurial Vapor",
				"Størrelse": "43",
				"Farge1": "Rød",
				"Farge2": "Hvit",
				"Merke": "Nike",
				"Pris": 1199,
				"Underlag": "Gress",
				"Bilde": "bilder/nikemercurialvapor.jpg"
			},
			"S02": {
				"Navn": "Nike Mercurial Superfly",
				"Størrelse": "43",
				"Farge1": "Oransje",
				"Farge2": "Svart",
				"Merke": "Nike",
				"Pris": 1299,
				"Underlag": "Gress",
				"Bilde": "bilder/Nikemercurialsuperfly.jpg"
			},
			"S03": {
				"Navn": "Nike Superfly 6 Pro FG",
				"Størrelse": "43",
				"Farge1": "Hvit",
				"Farge2": "Oransje",
				"Merke": "Nike",
				"Pris": 1399,
				"Underlag": "Gress",
				"Bilde": "bilder/nikesuperfly6profg.jpg"
			},
      "S04": {
				"Navn": "Adidas Predator",
				"Størrelse": "40",
				"Farge1": "Rød",
				"Farge2": "Svart",
				"Merke": "Adidas",
				"Pris": 999,
				"Underlag": "Kunstgress",
				"Bilde": "bilder/adidaspredator.jpg"
			},
      "S05": {
        "Navn": "Adidas Predator 19",
        "Størrelse": "41",
        "Farge1": "Blå",
        "Farge2": "Hvit",
        "Merke": "Adidas",
        "Pris": 1099,
        "Underlag": "Kunstgress",
        "Bilde": "bilder/adidaspredatorb.jpg"
      },
      "S06": {
        "Navn": "Adidas Predator 18",
        "Størrelse": "44",
        "Farge1": "Svart",
        "Farge2": "Gull",
        "Merke": "Adidas",
        "Pris": 3499,
        "Underlag": "Kunstgress",
        "Bilde": "bilder/adidaspredator18.jpg"
      },
      "S07": {
        "Navn": "Adidas Ace",
        "Størrelse": "44",
        "Farge1": "Oransje",
        "Farge2": "Blå",
        "Merke": "Adidas",
        "Pris": 1999,
        "Underlag": "Gress",
        "Bilde": "bilder/adidasace.jpg"
      },
      "S08": {
        "Navn": "Nike Superfly Elite",
        "Størrelse": "42",
        "Farge1": "Grå",
        "Farge2": "Gul",
        "Merke": "Nike",
        "Pris": 3999,
        "Underlag": "Gress",
        "Bilde": "bilder/nikesuperflyelite.jpg"
      },
      "S09": {
        "Navn": "Nike Phantom",
        "Størrelse": "45",
        "Farge1": "Hvit",
        "Farge2": "Oransje",
        "Merke": "Nike",
        "Pris": 1999,
        "Underlag": "Kunstgress",
        "Bilde": "bilder/nikephantom.jpg"
      },
      "S10": {
        "Navn": "Adidas World Cup",
        "Størrelse": "44",
        "Farge1": "Svart",
        "Farge2": "Hvit",
        "Merke": "Adidas",
        "Pris": 2999,
        "Underlag": "Gress",
        "Bilde": "bilder/adidaswc.jpg"
      },
      "S11": {
        "Navn": "Nike CR7",
        "Størrelse": "40",
        "Farge1": "Rød",
        "Farge2": "Svart",
        "Merke": "Nike",
        "Pris": 2999,
        "Underlag": "Gress",
        "Bilde": "bilder/nikecr7.jpg"
      }
		}
	}
}
